-- Active: 1693664647626@@127.0.0.1@3306

CREATE TABLE users (
    id TEXT PRIMARY KEY UNIQUE NOT NULL,
    name TEXT NOT NULL,
    email TEXT UNIQUE NOT NULL,
    password TEXT NOT NULL,
    role TEXT NOT NULL,
    created_at TEXT DEFAULT (DATETIME()) NOT NULL
);

INSERT INTO users (id, name, email, password, role)
VALUES
	('u001', 'Fulano', 'fulano@email.com', '$2a$12$qPQj5Lm1dQK2auALLTC0dOWedtr/Th.aSFf3.pdK5jCmYelFrYadC', 'NORMAL'),
	('u002', 'Beltrana', 'beltrana@email.com', '$2a$12$403HVkfVSUbDioyciv9IC.oBlgMqudbnQL8ubebJIXScNs8E3jYe2', 'NORMAL'),
	('u003', 'Astrodev', 'astrodev@email.com', '$2a$12$lHyD.hKs3JDGu2nIbBrxYujrnfIX5RW5oq/B41HCKf7TSaq9RgqJ.', 'ADMIN');

CREATE TABLE posts (
    id TEXT PRIMARY KEY UNIQUE NOT NULL,
    creator_id TEXT NOT NULL,
    content TEXT NOT NULL,
    likes INTEGER DEFAULT(0) NOT NULL,
    dislikes INTEGER DEFAULT(0) NOT NULL,
    created_at TEXT DEFAULT (DATETIME()) NOT NULL,
    updated_at TEXT DEFAULT (DATETIME()) NOT NULL,
    FOREIGN KEY (creator_id) REFERENCES users (id)
    ON UPDATE CASCADE
    ON DELETE CASCADE
);

INSERT INTO posts (id, creator_id, content)
VALUES
('p001','u001','post teste 1'),
('p002','u002','post teste 2');

CREATE TABLE likes_dislikes (
    user_id TEXT NOT NULL,
    post_id TEXT NOT NULL,
    like INTEGER NOT NULL,
    FOREIGN KEY (user_id) REFERENCES users (id)
    ON UPDATE CASCADE
    ON DELETE CASCADE,
    FOREIGN KEY (post_id) REFERENCES posts (id)
    ON UPDATE CASCADE
    ON DELETE CASCADE
);

INSERT INTO likes_dislikes (user_id, post_id, like)
VALUES 
('u002', 'p001', 1),
('u003', 'p002', 0),
('u002', 'p001', 1);

UPDATE posts
SET dislikes=0
WHERE id='p002';

DROP TABLE posts

CREATE TABLE post_comments (
    id TEXT PRIMARY KEY UNIQUE NOT NULL,
    creator_id TEXT NOT NULL,
    post_id TEXT NOT NULL,
    content TEXT NOT NULL,
    likes INTEGER DEFAULT(0) NOT NULL,
    dislikes INTEGER DEFAULT(0) NOT NULL,
    created_at TEXT DEFAULT (DATETIME()) NOT NULL,
    updated_at TEXT DEFAULT (DATETIME()) NOT NULL,
    FOREIGN KEY (creator_id) REFERENCES users (id)
    ON UPDATE CASCADE
    ON DELETE CASCADE,
    FOREIGN KEY (post_id) REFERENCES posts (id)
    ON UPDATE CASCADE
    ON DELETE CASCADE
);

INSERT INTO post_comments (id, creator_id, post_id, content)
VALUES 
('c001','u002', 'p001', 'Parabens pela postagem'),
('c002','u003', 'p002', 'Concordo com você'),
('c003','u002', 'p001', 'Gostei!');

CREATE TABLE likes_dislikes_comments (
    user_id TEXT NOT NULL,
    comment_id TEXT NOT NULL,
    like INTEGER NOT NULL,
    FOREIGN KEY (user_id) REFERENCES users (id)
    ON UPDATE CASCADE
    ON DELETE CASCADE,
    FOREIGN KEY (comment_id) REFERENCES post_comments (id)
    ON UPDATE CASCADE
    ON DELETE CASCADE
);

INSERT INTO likes_dislikes_comments (user_id, comment_id, like)
VALUES 
('u002', 'c001', 1),
('u003', 'c002', 0),
('u002', 'c001', 1);